{"stats":{"minecraft:mined":{"minecraft:white_bed":7,"minecraft:crafting_table":4,"minecraft:granite":2,"minecraft:melon":16,"minecraft:jungle_log":3,"minecraft:tall_grass":1,"minecraft:smooth_stone":1,"minecraft:yellow_bed":3,"minecraft:grass":19,"minecraft:oak_log":10,"minecraft:coal_ore":17,"minecraft:vine":1,"minecraft:sand":5,"minecraft:stone":42,"minecraft:oak_leaves":10,"minecraft:deepslate":4,"minecraft:fern":2},"minecraft:picked_up":{"minecraft:crafting_table":4,"minecraft:jungle_log":3,"minecraft:leather":3,"minecraft:wooden_pickaxe":3,"minecraft:oak_log":9,"minecraft:yellow_bed":3,"minecraft:wooden_sword":2,"minecraft:wheat_seeds":1,"minecraft:smooth_stone":1,"minecraft:cobbled_deepslate":4,"minecraft:beef":9,"minecraft:stone_pickaxe":2,"minecraft:melon_slice":73,"minecraft:oak_planks":4,"minecraft:egg":1,"minecraft:stick":2,"minecraft:cooked_porkchop":12,"minecraft:porkchop":2,"minecraft:jungle_planks":20,"minecraft:sand":2,"minecraft:white_bed":7,"minecraft:spider_eye":3,"minecraft:stone_sword":1,"minecraft:rotten_flesh":7,"minecraft:granite":2,"minecraft:coal":17,"minecraft:cobblestone":46},"minecraft:broken":{"minecraft:stone_pickaxe":1},"minecraft:killed_by":{"minecraft:zombie":2},"minecraft:dropped":{"minecraft:wheat_seeds":1,"minecraft:melon_slice":3,"minecraft:wooden_sword":1,"minecraft:wooden_pickaxe":2},"minecraft:killed":{"minecraft:pig":1,"minecraft:salmon":1,"minecraft:spider":1,"minecraft:zombie":7,"minecraft:cow":1},"minecraft:used":{"minecraft:stone_sword":106,"minecraft:stone_pickaxe":108,"minecraft:oak_planks":2,"minecraft:wooden_pickaxe":38,"minecraft:rotten_flesh":3,"minecraft:crafting_table":5,"minecraft:jungle_planks":10,"minecraft:granite":2,"minecraft:wooden_axe":12,"minecraft:melon_slice":10,"minecraft:stone_axe":1,"minecraft:wooden_sword":21,"minecraft:cobblestone":24,"minecraft:beef":3,"minecraft:porkchop":2,"minecraft:cooked_porkchop":3,"minecraft:egg":1,"minecraft:cobbled_deepslate":1},"minecraft:crafted":{"minecraft:wooden_sword":1,"minecraft:oak_planks":36,"minecraft:crafting_table":2,"minecraft:wooden_pickaxe":1,"minecraft:stone_axe":1,"minecraft:jungle_planks":12,"minecraft:stick":12,"minecraft:stone_pickaxe":2,"minecraft:wooden_axe":1,"minecraft:stone_sword":2},"minecraft:custom":{"minecraft:mob_kills":7,"minecraft:interact_with_crafting_table":11,"minecraft:leave_game":1,"minecraft:time_since_death":20667,"minecraft:climb_one_cm":1621,"minecraft:time_since_rest":20777,"minecraft:sprint_one_cm":108589,"minecraft:damage_taken":1058,"minecraft:walk_one_cm":118360,"minecraft:drop":5,"minecraft:damage_dealt":2158,"minecraft:swim_one_cm":24689,"minecraft:fly_one_cm":121240,"minecraft:open_chest":8,"minecraft:play_time":42559,"minecraft:deaths":2,"minecraft:sneak_time":20,"minecraft:walk_under_water_one_cm":5240,"minecraft:jump":760,"minecraft:walk_on_water_one_cm":10900,"minecraft:total_world_time":42559,"minecraft:fall_one_cm":19248}},"DataVersion":3337}