{"stats":{"minecraft:mined":{"minecraft:white_bed":1,"minecraft:brewing_stand":1,"minecraft:crafting_table":3,"minecraft:granite":2,"minecraft:grass_block":1,"minecraft:tall_grass":1,"minecraft:composter":1,"minecraft:diorite":2,"minecraft:sugar_cane":2,"minecraft:spawner":1,"minecraft:hay_block":1,"minecraft:furnace":1,"minecraft:iron_ore":19,"minecraft:andesite":7,"minecraft:fletching_table":1,"minecraft:yellow_bed":1,"minecraft:bell":2,"minecraft:grass":10,"minecraft:oak_log":5,"minecraft:deepslate_iron_ore":1,"minecraft:sand":2,"minecraft:dirt":3,"minecraft:bamboo":2,"minecraft:stone":39,"minecraft:white_wool":2,"minecraft:oak_leaves":1,"minecraft:deepslate":4},"minecraft:picked_up":{"minecraft:crafting_table":3,"minecraft:andesite":7,"minecraft:leather":4,"minecraft:wooden_pickaxe":1,"minecraft:oak_log":5,"minecraft:brewing_stand":1,"minecraft:yellow_bed":1,"minecraft:dirt":4,"minecraft:wooden_sword":1,"minecraft:cobbled_deepslate":4,"minecraft:bell":2,"minecraft:iron_ingot":3,"minecraft:beef":7,"minecraft:fletching_table":1,"minecraft:bamboo":11,"minecraft:melon_slice":3,"minecraft:sugar_cane":2,"minecraft:furnace":2,"minecraft:raw_iron":20,"minecraft:composter":1,"minecraft:dandelion":1,"minecraft:porkchop":17,"minecraft:sand":2,"minecraft:diorite":2,"minecraft:white_bed":1,"minecraft:rotten_flesh":15,"minecraft:hay_block":1,"minecraft:granite":8,"minecraft:mutton":11,"minecraft:white_wool":8,"minecraft:cobblestone":36},"minecraft:dropped":{"minecraft:furnace":1,"minecraft:cooked_porkchop":4,"minecraft:stick":1,"minecraft:wooden_sword":1,"minecraft:wooden_pickaxe":2},"minecraft:killed":{"minecraft:pig":10,"minecraft:iron_golem":1,"minecraft:sheep":6,"minecraft:zombie":18,"minecraft:cow":5},"minecraft:used":{"minecraft:diorite":2,"minecraft:stone_sword":120,"minecraft:stone_pickaxe":71,"minecraft:wooden_pickaxe":14,"minecraft:rotten_flesh":13,"minecraft:white_wool":2,"minecraft:golden_apple":1,"minecraft:dirt":3,"minecraft:crafting_table":3,"minecraft:granite":8,"minecraft:melon_slice":3,"minecraft:stone_axe":22,"minecraft:cobblestone":23,"minecraft:beef":1,"minecraft:porkchop":1,"minecraft:furnace":1,"minecraft:cooked_porkchop":4,"minecraft:andesite":7,"minecraft:cobbled_deepslate":1,"minecraft:dandelion":1},"minecraft:crafted":{"minecraft:oak_planks":20,"minecraft:cooked_porkchop":8,"minecraft:crafting_table":1,"minecraft:wooden_pickaxe":1,"minecraft:furnace":1,"minecraft:stone_axe":1,"minecraft:air":0,"minecraft:stick":8,"minecraft:stone_pickaxe":1,"minecraft:stone_sword":1},"minecraft:custom":{"minecraft:interact_with_furnace":5,"minecraft:mob_kills":47,"minecraft:interact_with_crafting_table":4,"minecraft:leave_game":1,"minecraft:time_since_death":42056,"minecraft:climb_one_cm":2794,"minecraft:time_since_rest":42056,"minecraft:sprint_one_cm":151064,"minecraft:walk_one_cm":74210,"minecraft:damage_taken":641,"minecraft:damage_absorbed":40,"minecraft:drop":9,"minecraft:damage_dealt":6563,"minecraft:swim_one_cm":26819,"minecraft:fly_one_cm":232979,"minecraft:open_chest":5,"minecraft:crouch_one_cm":2236,"minecraft:play_time":42056,"minecraft:sneak_time":1329,"minecraft:walk_under_water_one_cm":5676,"minecraft:jump":1389,"minecraft:walk_on_water_one_cm":8223,"minecraft:total_world_time":42056,"minecraft:fall_one_cm":36944}},"DataVersion":3337}