{"stats":{"minecraft:used":{"minecraft:golden_boots":1,"minecraft:chicken":3,"minecraft:oak_planks":7,"minecraft:wooden_pickaxe":10,"minecraft:golden_leggings":1,"minecraft:dirt":3,"minecraft:stone_axe":84,"minecraft:fire_charge":2,"minecraft:golden_carrot":3,"minecraft:mutton":4,"minecraft:beef":3,"minecraft:crafting_table":2,"minecraft:porkchop":4,"minecraft:white_bed":1,"minecraft:golden_shovel":2,"minecraft:golden_axe":40},"minecraft:crafted":{"minecraft:oak_planks":64,"minecraft:crafting_table":1,"minecraft:stick":8,"minecraft:wooden_pickaxe":1,"minecraft:stone_pickaxe":1,"minecraft:stone_axe":1},"minecraft:picked_up":{"minecraft:crafting_table":2,"minecraft:feather":6,"minecraft:chicken":4,"minecraft:sweet_berries":2,"minecraft:leather":4,"minecraft:porkchop":5,"minecraft:oak_log":16,"minecraft:spruce_sapling":3,"minecraft:white_bed":1,"minecraft:yellow_bed":1,"minecraft:spruce_log":5,"minecraft:dirt":3,"minecraft:arrow":1,"minecraft:bone":1,"minecraft:rotten_flesh":5,"minecraft:wheat_seeds":3,"minecraft:iron_ingot":3,"minecraft:beef":12,"minecraft:poppy":1,"minecraft:oak_sapling":1,"minecraft:oak_planks":2,"minecraft:sugar_cane":23,"minecraft:mutton":10,"minecraft:white_wool":6,"minecraft:cobblestone":9},"minecraft:custom":{"minecraft:time_since_rest":2306,"minecraft:sprint_one_cm":151697,"minecraft:damage_taken":523,"minecraft:walk_one_cm":48978,"minecraft:mob_kills":24,"minecraft:drop":2,"minecraft:damage_dealt":3152,"minecraft:swim_one_cm":24999,"minecraft:interact_with_crafting_table":3,"minecraft:fly_one_cm":314039,"minecraft:open_chest":3,"minecraft:crouch_one_cm":784,"minecraft:play_time":41163,"minecraft:deaths":1,"minecraft:sneak_time":661,"minecraft:walk_under_water_one_cm":2819,"minecraft:jump":1499,"minecraft:leave_game":1,"minecraft:sleep_in_bed":1,"minecraft:time_since_death":29133,"minecraft:walk_on_water_one_cm":5334,"minecraft:total_world_time":41163,"minecraft:fall_one_cm":46007},"minecraft:mined":{"minecraft:white_bed":1,"minecraft:fire":2,"minecraft:sweet_berry_bush":1,"minecraft:spruce_log":5,"minecraft:yellow_bed":1,"minecraft:crafting_table":2,"minecraft:short_grass":21,"minecraft:grass_block":1,"minecraft:oak_log":16,"minecraft:dirt":2,"minecraft:tall_grass":3,"minecraft:spruce_leaves":44,"minecraft:stone":9,"minecraft:oak_planks":2,"minecraft:sugar_cane":12,"minecraft:oak_leaves":11},"minecraft:broken":{"minecraft:golden_axe":1},"minecraft:dropped":{"minecraft:wheat_seeds":1,"minecraft:wooden_pickaxe":1},"minecraft:killed":{"minecraft:sheep":6,"minecraft:skeleton":1,"minecraft:zombie":3,"minecraft:pig":3,"minecraft:chicken":4,"minecraft:iron_golem":1,"minecraft:cow":6}},"DataVersion":3700}