{"stats":{"minecraft:used":{"minecraft:wooden_axe":3,"minecraft:stone_pickaxe":24,"minecraft:wooden_pickaxe":15,"minecraft:stone_axe":1,"minecraft:crafting_table":3},"minecraft:crafted":{"minecraft:crafting_table":1,"minecraft:stick":8,"minecraft:wooden_pickaxe":1,"minecraft:stone_pickaxe":1,"minecraft:wooden_axe":1,"minecraft:birch_planks":20,"minecraft:stone_axe":1},"minecraft:picked_up":{"minecraft:birch_log":5,"minecraft:crafting_table":2,"minecraft:leather":2,"minecraft:birch_planks":13,"minecraft:porkchop":4,"minecraft:beef":2,"minecraft:sugar_cane":5,"minecraft:mutton":1,"minecraft:coal":21,"minecraft:white_wool":1,"minecraft:cobblestone":18},"minecraft:custom":{"minecraft:time_since_rest":9401,"minecraft:sprint_one_cm":31089,"minecraft:damage_taken":20,"minecraft:walk_one_cm":13064,"minecraft:mob_kills":5,"minecraft:drop":3,"minecraft:damage_dealt":480,"minecraft:interact_with_crafting_table":3,"minecraft:swim_one_cm":8967,"minecraft:fly_one_cm":48715,"minecraft:crouch_one_cm":109,"minecraft:play_time":9401,"minecraft:sneak_time":78,"minecraft:walk_under_water_one_cm":320,"minecraft:jump":240,"minecraft:leave_game":1,"minecraft:walk_on_water_one_cm":2424,"minecraft:time_since_death":9401,"minecraft:total_world_time":9401,"minecraft:fall_one_cm":4042},"minecraft:mined":{"minecraft:birch_log":5,"minecraft:birch_leaves":1,"minecraft:crafting_table":2,"minecraft:coal_ore":21,"minecraft:stone":18,"minecraft:sugar_cane":3},"minecraft:dropped":{"minecraft:birch_planks":13,"minecraft:wooden_axe":1,"minecraft:wooden_pickaxe":1},"minecraft:killed":{"minecraft:sheep":1,"minecraft:pig":2,"minecraft:cow":2}},"DataVersion":3700}