{"stats":{"minecraft:picked_up":{"minecraft:birch_log":5,"minecraft:crafting_table":5,"minecraft:feather":3,"minecraft:chicken":3,"minecraft:salmon":1,"minecraft:leather":3,"minecraft:brown_mushroom":8,"minecraft:red_mushroom":13,"minecraft:birch_planks":17,"minecraft:gunpowder":3,"minecraft:string":1,"minecraft:dirt":7,"minecraft:bone":2,"minecraft:beef":8,"minecraft:poppy":1,"minecraft:sugar_cane":25,"minecraft:furnace":2,"minecraft:stick":2,"minecraft:porkchop":5,"minecraft:spruce_sapling":3,"minecraft:spruce_log":7,"minecraft:spider_eye":1,"minecraft:arrow":2,"minecraft:rotten_flesh":10,"minecraft:mutton":14,"minecraft:coal":41,"minecraft:white_wool":9,"minecraft:cobblestone":40},"minecraft:broken":{"minecraft:stone_axe":1},"minecraft:killed":{"minecraft:pig":3,"minecraft:salmon":1,"minecraft:spider":1,"minecraft:creeper":2,"minecraft:sheep":9,"minecraft:skeleton":2,"minecraft:zombie":10,"minecraft:chicken":3,"minecraft:cow":4},"minecraft:used":{"minecraft:cooked_mutton":3,"minecraft:stone_pickaxe":50,"minecraft:wooden_pickaxe":15,"minecraft:salmon":1,"minecraft:crafting_table":5,"minecraft:mushroom_stew":3,"minecraft:wooden_axe":3,"minecraft:stone_axe":113,"minecraft:furnace":3,"minecraft:cooked_porkchop":4,"minecraft:cooked_beef":2},"minecraft:dropped":{"minecraft:birch_planks":13,"minecraft:wooden_axe":1,"minecraft:wooden_pickaxe":1},"minecraft:crafted":{"minecraft:cooked_beef":2,"minecraft:cooked_porkchop":4,"minecraft:crafting_table":1,"minecraft:spruce_planks":28,"minecraft:wooden_pickaxe":1,"minecraft:bowl":8,"minecraft:furnace":2,"minecraft:mushroom_stew":8,"minecraft:birch_planks":20,"minecraft:stone_axe":2,"minecraft:cooked_mutton":3,"minecraft:air":0,"minecraft:stick":8,"minecraft:stone_pickaxe":1,"minecraft:wooden_axe":1},"minecraft:killed_by":{"minecraft:spider":1},"minecraft:custom":{"minecraft:interact_with_furnace":11,"minecraft:mob_kills":35,"minecraft:interact_with_crafting_table":10,"minecraft:leave_game":2,"minecraft:time_since_death":466,"minecraft:time_since_rest":486,"minecraft:sprint_one_cm":132173,"minecraft:damage_taken":1165,"minecraft:walk_one_cm":98471,"minecraft:drop":3,"minecraft:damage_dealt":4978,"minecraft:swim_one_cm":22998,"minecraft:fly_one_cm":249325,"minecraft:crouch_one_cm":588,"minecraft:play_time":37826,"minecraft:deaths":1,"minecraft:sneak_time":288,"minecraft:walk_under_water_one_cm":2207,"minecraft:jump":1539,"minecraft:walk_on_water_one_cm":5839,"minecraft:total_world_time":37826,"minecraft:fall_one_cm":42487},"minecraft:mined":{"minecraft:dark_oak_leaves":7,"minecraft:powder_snow":4,"minecraft:crafting_table":5,"minecraft:short_grass":3,"minecraft:poppy":1,"minecraft:brown_mushroom_block":26,"minecraft:spruce_leaves":2,"minecraft:sugar_cane":16,"minecraft:furnace":2,"minecraft:birch_log":5,"minecraft:spruce_log":7,"minecraft:birch_leaves":1,"minecraft:coal_ore":21,"minecraft:dirt":7,"minecraft:red_mushroom_block":39,"minecraft:stone":40,"minecraft:oak_leaves":3}},"DataVersion":3700}